{"epoch": 99, "loss": 0.43568129688501356, "_timestamp": 1712200556.0643642, "_runtime": 2.196946144104004, "_step": 100, "val_loss": 1.4522709896167119, "val_accuracy": 80.70175438596492, "_wandb": {"runtime": 1}}