{"epoch": 199, "loss": 0.6182847023010254, "_timestamp": 1712201039.8023365, "_runtime": 1.6980504989624023, "_step": 200, "val_loss": 0.6182847023010254, "val_accuracy": 75.43859649122807, "_wandb": {"runtime": 1}}