{"epoch": 99, "loss": 0.36149824959667104, "_timestamp": 1712200533.5629487, "_runtime": 2.803508758544922, "_step": 100, "val_loss": 1.37369334846735, "val_accuracy": 66.66666666666667, "_wandb": {"runtime": 2}}