{"epoch": 199, "loss": 0.3182352766394615, "_timestamp": 1712200834.964755, "_runtime": 3.189903974533081, "_step": 200, "val_loss": 1.0607842554648717, "val_accuracy": 73.6842105263158, "_wandb": {"runtime": 2}}