{"epoch": 199, "loss": 0.3217911273241043, "_timestamp": 1712200906.1232774, "_runtime": 3.2047173976898193, "_step": 200, "val_loss": 1.0726370910803478, "val_accuracy": 82.45614035087719, "_wandb": {"runtime": 2}}