{"epoch": 199, "loss": 0.3013122588396072, "_timestamp": 1712200627.282774, "_runtime": 2.9309918880462646, "_step": 200, "val_loss": 1.004374196132024, "val_accuracy": 77.19298245614036, "_wandb": {"runtime": 2}}