{"epoch": 199, "loss": 0.40485022962093353, "_timestamp": 1712200995.5971112, "_runtime": 2.647942304611206, "_step": 200, "val_loss": 1.6194009184837341, "val_accuracy": 80.70175438596492, "_wandb": {"runtime": 1}}