{"epoch": 199, "loss": 0.20423289113923124, "_timestamp": 1712200963.2877257, "_runtime": 4.580612659454346, "_step": 200, "val_loss": 0.7760849863290786, "val_accuracy": 73.6842105263158, "_wandb": {"runtime": 4}}