{"epoch": 199, "loss": 0.530401811003685, "_timestamp": 1712201022.0018015, "_runtime": 1.8944675922393799, "_step": 200, "val_loss": 1.06080362200737, "val_accuracy": 82.45614035087719, "_wandb": {"runtime": 1}}